{
    "ID": 31,
    "autorefresh": false,
    "bins": 10,
    "imageID": null,
    "interval": 100.0,
    "intervalparams": [
        {
            "ID": 421,
            "binparams": [
                {
                    "ID": 4164,
                    "cq0": 0.6850449043342445,
                    "cq2": 0.2328890971477719,
                    "cq3": 0.08024386656745476,
                    "deltaQ0": 0.6850449043342445,
                    "deltaQ2": 0.2328890971477719,
                    "deltaQ3": 0.08024386656745476,
                    "deltad": 3.1555586278392796e-05,
                    "dm": 3.991739525395772e-05,
                    "do": 5.569518839315412e-05,
                    "dq0": 21709.1483672835,
                    "dq2": 7380.2811043710235,
                    "dq3": 2542.936957644185,
                    "du": 2.4139602114761323e-05,
                    "intervalparamsID": 421,
                    "no": 8772.0
                },
                {
                    "ID": 4165,
                    "cq0": 0.8555251854744241,
                    "cq2": 0.4186967853179083,
                    "cq3": 0.19487592067168774,
                    "deltaQ0": 0.17048028114017963,
                    "deltaQ2": 0.18580768817013646,
                    "deltaQ3": 0.114632054104233,
                    "deltad": 3.1555586278392796e-05,
                    "dm": 7.147298153235051e-05,
                    "do": 8.725077467154691e-05,
                    "dq0": 5402.53886066802,
                    "dq2": 5888.266075327697,
                    "dq3": 3632.702403083714,
                    "du": 5.569518839315412e-05,
                    "intervalparamsID": 421,
                    "no": 2183.0
                },
                {
                    "ID": 4166,
                    "cq0": 0.9342444357672784,
                    "cq2": 0.5969765299050337,
                    "cq3": 0.3534236992613275,
                    "deltaQ0": 0.07871925029285436,
                    "deltaQ2": 0.17827974458712534,
                    "deltaQ3": 0.15854777858963975,
                    "deltad": 3.1555586278392796e-05,
                    "dm": 0.00010302856781074332,
                    "do": 0.00011880636094993971,
                    "dq0": 2494.6217002076796,
                    "dq2": 5649.704715174304,
                    "dq3": 5024.396542370785,
                    "du": 8.725077467154691e-05,
                    "intervalparamsID": 421,
                    "no": 1008.0
                },
                {
                    "ID": 4167,
                    "cq0": 0.9661850839515814,
                    "cq2": 0.7204112429788999,
                    "cq3": 0.49681794916616207,
                    "deltaQ0": 0.031940648184303005,
                    "deltaQ2": 0.12343471307386623,
                    "deltaQ3": 0.14339424990483454,
                    "deltad": 3.1555586278392796e-05,
                    "dm": 0.0001345841540891361,
                    "do": 0.0001503619472283325,
                    "dq0": 1012.202654151727,
                    "dq2": 3911.659634046675,
                    "dq3": 4544.179551594057,
                    "du": 0.00011880636094993971,
                    "intervalparamsID": 421,
                    "no": 409.0
                },
                {
                    "ID": 4168,
                    "cq0": 0.9815696993361969,
                    "cq2": 0.8110135855193029,
                    "cq3": 0.6267491491874498,
                    "deltaQ0": 0.015384615384615385,
                    "deltaQ2": 0.09060234254040302,
                    "deltaQ3": 0.12993120002128777,
                    "deltad": 3.155558627839281e-05,
                    "dm": 0.0001661397403675289,
                    "do": 0.00018191753350672532,
                    "dq0": 487.54015371122284,
                    "dq2": 2871.1982005684217,
                    "dq3": 4117.534019967048,
                    "du": 0.0001503619472283325,
                    "intervalparamsID": 421,
                    "no": 197.0
                },
                {
                    "ID": 4169,
                    "cq0": 0.9937524404529481,
                    "cq2": 0.9126018521231483,
                    "cq3": 0.8001057763038015,
                    "deltaQ0": 0.012182741116751269,
                    "deltaQ2": 0.10158826660384533,
                    "deltaQ3": 0.17335662711635172,
                    "deltad": 3.155558627839278e-05,
                    "dm": 0.0001976953266459217,
                    "do": 0.0002134731197851181,
                    "dq0": 386.072405984522,
                    "dq2": 3219.3433424942064,
                    "dq3": 5493.690581025747,
                    "du": 0.00018191753350672532,
                    "intervalparamsID": 421,
                    "no": 156.0
                },
                {
                    "ID": 4170,
                    "cq0": 0.9980476376415462,
                    "cq2": 0.9607645695512484,
                    "cq3": 0.8954122830965862,
                    "deltaQ0": 0.004295197188598204,
                    "deltaQ2": 0.04816271742810019,
                    "deltaQ3": 0.09530650679278467,
                    "deltad": 3.155558627839278e-05,
                    "dm": 0.0002292509129243145,
                    "do": 0.0002450287060635109,
                    "dq0": 136.11527134069684,
                    "dq2": 1526.2818127730015,
                    "dq3": 3020.273683143209,
                    "du": 0.0002134731197851181,
                    "intervalparamsID": 421,
                    "no": 55.0
                },
                {
                    "ID": 4171,
                    "cq0": 0.9982038266302226,
                    "cq2": 0.9630312638929944,
                    "cq3": 0.9005151220916261,
                    "deltaQ0": 0.00015618898867629833,
                    "deltaQ2": 0.002266694341745992,
                    "deltaQ3": 0.005102838995039917,
                    "deltad": 3.155558627839281e-05,
                    "dm": 0.0002608064992027073,
                    "do": 0.0002765842923419037,
                    "dq0": 4.9496462305707905,
                    "dq2": 71.831793006428,
                    "dq3": 161.7095290203499,
                    "du": 0.0002450287060635109,
                    "intervalparamsID": 421,
                    "no": 2.0
                },
                {
                    "ID": 4172,
                    "cq0": 0.9989847715736041,
                    "cq2": 0.9772731742486256,
                    "cq3": 0.9364560921318401,
                    "deltaQ0": 0.0007809449433814916,
                    "deltaQ2": 0.014241910355631132,
                    "deltaQ3": 0.03594097004021402,
                    "deltad": 3.155558627839281e-05,
                    "dm": 0.00029236208548110007,
                    "do": 0.0003081398786202965,
                    "dq0": 24.74823115285395,
                    "dq2": 451.3277056551808,
                    "dq3": 1138.973293765866,
                    "du": 0.0002765842923419037,
                    "intervalparamsID": 421,
                    "no": 10.0
                },
                {
                    "ID": 4173,
                    "cq0": 1.0,
                    "cq2": 1.0000000000000002,
                    "cq3": 0.9999999999999999,
                    "deltaQ0": 0.0010152284263959391,
                    "deltaQ2": 0.022726825751374646,
                    "deltaQ3": 0.06354390786815979,
                    "deltad": 3.155558627839281e-05,
                    "dm": 0.00032391767175949293,
                    "do": 0.0003396954648986893,
                    "dq0": 32.172700498710135,
                    "dq2": 720.2156078125691,
                    "dq3": 2013.7134296145364,
                    "du": 0.0003081398786202965,
                    "intervalparamsID": 421,